t,0,24/04/2021 12:06:15t
Faster,1,24/04/2021 12:09
Rami,1,24/04/2021 12:09
Rami,1,24/04/2021 12:09
Aman,1,24/04/2021 12:09
Aman,1,24/04/2021 12:09
Tanvir,1,24/04/2021 12:09
Tanvir,0,24/04/2021 12:09
Kaivi,1,24/04/2021 12:09
Kaivi,1,24/04/2021 12:09
Rami,1,24/04/2021 12:09
Aman,0,25/04/2021 12:09
Tanvir,1,26/04/2021 12:09
Kaivi,1,27/04/2021 12:09
Kaivi,1,28/04/2021 12:09
Rami,1,29/04/2021 12:09
Kaivi,1,30/04/2021 12:09
Faster,1,01/05/2021 12:09
Faster,1,02/05/2021 12:09
Tanvir,1,03/05/2021 12:09
Tanvir,1,04/05/2021 12:09
Kaivi,1,05/05/2021 12:09
t,1,06/05/2021 12:09
dfrtt,0,24/04/2021 14:43:42
asd,0,24/04/2021 14:45:11
qwee,0,24/04/2021 14:46:16
